Model,Average Train Loss,Average Train Accuracy,Average Validation Loss,Average Validation Accuracy
resnet18_MNIST_Evidence_1,0.0019,95.85,0.0611,97.34
resnet18_MNIST_1,0.0025,95.94,0.0412,98.44
resnet18_MNIST_Evidence_2,0.0022,95.92,0.0436,98.43
resnet18_MNIST_2,0.0021,95.7,0.0624,97.08
resnet18_MNIST_Evidence_3,0.0022,95.94,0.0431,98.34
resnet18_MNIST_3,0.0024,95.79,0.075,96.35
resnet18-MNIST-random-0,0.0030666666666666668,95.51333333333334,0.0981,97.02666666666666
resnet18-MNIST-random-0.3,0.009766666666666667,94.75666666666666,0.1062,96.66333333333334
resnet18-MNIST-random-0.5,0.0177,93.94,0.15893333333333334,95.17333333333333
resnet18-MNIST-random-0.7,0.0403,92.34666666666668,0.23693333333333333,92.72333333333334
resnet18-MNIST-random-0.8,0.07803333333333333,91.12,0.18536666666666668,94.25666666666666
resnet18-MNIST-random-0.9,0.3409333333333333,87.78666666666668,0.7212999999999999,82.36666666666667
resnet18-MNIST-random-0.95,0.4592333333333333,81.9,0.5494,83.40666666666668
resnet18-EvidenceLoss-MNIST-random-0,0.002333333333333333,95.77,0.059166666666666666,97.28333333333335
resnet18-EvidenceLoss-MNIST-random-0.3,0.0054333333333333326,95.22333333333334,0.06446666666666666,96.96999999999998
resnet18-EvidenceLoss-MNIST-random-0.5,0.0113,94.41000000000001,0.06016666666666667,97.41000000000001
resnet18-EvidenceLoss-MNIST-random-0.7,0.0258,93.26333333333334,0.0921,95.58333333333333
resnet18-EvidenceLoss-MNIST-random-0.8,0.0514,92.21,0.11756666666666667,94.01666666666667
resnet18-EvidenceLoss-MNIST-random-0.9,0.25056666666666666,88.43333333333334,0.12553333333333333,94.44666666666666
resnet18-EvidenceLoss-MNIST-random-0.95,0.3264666666666667,85.26333333333334,0.2394333333333333,87.43333333333334
resnet18-MNIST-predictive_entropy-balanced_by_score-0,0.0032999999999999995,95.58333333333333,0.0816,97.41333333333334
resnet18-MNIST-predictive_entropy-balanced_by_score-0.3,0.008166666666666668,94.75666666666666,0.0791,97.58
resnet18-MNIST-predictive_entropy-balanced_by_score-0.5,0.014533333333333334,94.04333333333334,0.08536666666666666,97.39
resnet18-MNIST-predictive_entropy-balanced_by_score-0.7,0.03886666666666667,92.44,0.20176666666666665,93.69666666666667
resnet18-MNIST-predictive_entropy-balanced_by_score-0.8,0.0863,90.95,0.17913333333333334,94.38
resnet18-MNIST-predictive_entropy-balanced_by_score-0.9,0.34803333333333336,87.2,0.22543333333333335,93.29333333333334
resnet18-MNIST-predictive_entropy-balanced_by_score-0.95,0.46893333333333337,81.91333333333334,0.4113,87.71333333333332
resnet18-EvidenceLoss-MNIST-predictive_entropy-balanced_by_score-0,0.0023666666666666667,95.81,0.0588,97.31333333333333
resnet18-EvidenceLoss-MNIST-predictive_entropy-balanced_by_score-0.3,0.005633333333333333,95.23666666666666,0.05186666666666667,97.83333333333333
resnet18-EvidenceLoss-MNIST-predictive_entropy-balanced_by_score-0.5,0.011099999999999999,94.39666666666666,0.0815,95.94
resnet18-EvidenceLoss-MNIST-predictive_entropy-balanced_by_score-0.7,0.025833333333333333,93.24,0.08343333333333335,96.17333333333333
resnet18-EvidenceLoss-MNIST-predictive_entropy-balanced_by_score-0.8,0.05279999999999999,92.02,0.10809999999999999,94.68333333333332
resnet18-EvidenceLoss-MNIST-predictive_entropy-balanced_by_score-0.9,0.2492,88.72333333333334,0.1632,91.56333333333333
resnet18-EvidenceLoss-MNIST-predictive_entropy-balanced_by_score-0.95,0.33313333333333334,84.10000000000001,0.21256666666666668,89.57333333333334
resnet18-MNIST-evidence_label-balanced_by_score-0,0.002533333333333333,95.60000000000001,0.06186666666666666,98.00999999999999
resnet18-MNIST-evidence_label-balanced_by_score-0.3,0.0077333333333333325,94.86,0.0931,97.17999999999999
resnet18-MNIST-evidence_label-balanced_by_score-0.5,0.0164,94.05666666666667,0.13436666666666666,95.78666666666668
resnet18-MNIST-evidence_label-balanced_by_score-0.7,0.03956666666666667,92.67333333333333,0.10893333333333333,96.62333333333333
resnet18-MNIST-evidence_label-balanced_by_score-0.8,0.07903333333333333,91.08999999999999,0.17716666666666667,94.41000000000001
resnet18-MNIST-evidence_label-balanced_by_score-0.9,0.3397666666666666,87.86666666666667,0.42383333333333334,87.96
resnet18-MNIST-evidence_label-balanced_by_score-0.95,0.443,82.7,0.49276666666666663,85.75999999999999
resnet18-EvidenceLoss-MNIST-evidence_label-balanced_by_score-0,0.0024333333333333334,95.74000000000001,0.05586666666666667,97.48666666666666
resnet18-EvidenceLoss-MNIST-evidence_label-balanced_by_score-0.3,0.005733333333333333,95.03333333333335,0.06346666666666667,97.06333333333333
resnet18-EvidenceLoss-MNIST-evidence_label-balanced_by_score-0.5,0.010433333333333334,94.52,0.07766666666666666,96.16333333333334
resnet18-EvidenceLoss-MNIST-evidence_label-balanced_by_score-0.7,0.026466666666666666,93.24333333333334,0.08556666666666668,96.01666666666667
resnet18-EvidenceLoss-MNIST-evidence_label-balanced_by_score-0.8,0.05213333333333333,91.93333333333334,0.09746666666666666,95.66000000000001
resnet18-EvidenceLoss-MNIST-evidence_label-balanced_by_score-0.9,0.24456666666666668,89.19666666666666,0.14909999999999998,92.64999999999999
resnet18-EvidenceLoss-MNIST-evidence_label-balanced_by_score-0.95,0.3383,84.13333333333333,0.2546,86.06
resnet18-MNIST-evidence_total-balanced_by_score-0,0.0034999999999999996,95.67666666666668,0.07833333333333332,97.45333333333333
resnet18-MNIST-evidence_total-balanced_by_score-0.3,0.0089,94.82666666666667,0.10686666666666667,96.62666666666667
resnet18-MNIST-evidence_total-balanced_by_score-0.5,0.014366666666666666,94.07666666666667,0.11109999999999999,96.55666666666666
resnet18-MNIST-evidence_total-balanced_by_score-0.7,0.04239999999999999,92.57,0.15173333333333333,95.36
resnet18-MNIST-evidence_total-balanced_by_score-0.8,0.0843,91.07666666666667,0.2839333333333333,91.67
resnet18-MNIST-evidence_total-balanced_by_score-0.9,0.3419666666666667,87.83,0.27963333333333334,91.14333333333333
resnet18-MNIST-evidence_total-balanced_by_score-0.95,0.4545333333333333,82.15333333333332,0.42910000000000004,86.7
resnet18-EvidenceLoss-MNIST-evidence_total-balanced_by_score-0,0.0020666666666666667,95.82666666666667,0.05273333333333333,97.76333333333334
resnet18-EvidenceLoss-MNIST-evidence_total-balanced_by_score-0.3,0.0057666666666666665,95.00666666666666,0.0771,96.22666666666667
resnet18-EvidenceLoss-MNIST-evidence_total-balanced_by_score-0.5,0.011000000000000001,94.46,0.07096666666666666,96.76
resnet18-EvidenceLoss-MNIST-evidence_total-balanced_by_score-0.7,0.028200000000000003,93.25,0.07966666666666666,96.39999999999999
resnet18-EvidenceLoss-MNIST-evidence_total-balanced_by_score-0.8,0.0521,91.84666666666668,0.13093333333333332,92.99333333333334
resnet18-EvidenceLoss-MNIST-evidence_total-balanced_by_score-0.9,0.2438,89.14,0.1312,94.04333333333334
resnet18-EvidenceLoss-MNIST-evidence_total-balanced_by_score-0.95,0.33053333333333335,84.71,0.24013333333333334,86.84666666666665
resnet18-MNIST-uncertainty_label-balanced_by_score-0,0.0029999999999999996,95.58666666666666,0.08253333333333333,97.36
resnet18-MNIST-uncertainty_label-balanced_by_score-0.3,0.0074333333333333335,94.87666666666667,0.09953333333333332,96.99000000000001
resnet18-MNIST-uncertainty_label-balanced_by_score-0.5,0.0151,93.90666666666668,0.13783333333333334,95.67
resnet18-MNIST-uncertainty_label-balanced_by_score-0.7,0.041699999999999994,92.54666666666667,0.17133333333333334,94.55666666666667
resnet18-MNIST-uncertainty_label-balanced_by_score-0.8,0.08196666666666667,90.81333333333333,0.22319999999999998,93.04666666666667
resnet18-MNIST-uncertainty_label-balanced_by_score-0.9,0.34359999999999996,87.75666666666666,0.4204666666666667,87.90666666666668
resnet18-MNIST-uncertainty_label-balanced_by_score-0.95,0.46279999999999993,82.16666666666667,0.5084666666666666,86.17666666666666
resnet18-EvidenceLoss-MNIST-uncertainty_label-balanced_by_score-0,0.002533333333333333,95.82333333333334,0.06363333333333333,97.03000000000002
resnet18-EvidenceLoss-MNIST-uncertainty_label-balanced_by_score-0.3,0.005866666666666667,95.17333333333333,0.06430000000000001,97.06333333333333
resnet18-EvidenceLoss-MNIST-uncertainty_label-balanced_by_score-0.5,0.010666666666666666,94.59333333333335,0.06693333333333333,97.00666666666666
resnet18-EvidenceLoss-MNIST-uncertainty_label-balanced_by_score-0.7,0.028266666666666666,93.05333333333333,0.08716666666666667,95.95
resnet18-EvidenceLoss-MNIST-uncertainty_label-balanced_by_score-0.8,0.0545,91.53000000000002,0.1249,93.74000000000001
resnet18-EvidenceLoss-MNIST-uncertainty_label-balanced_by_score-0.9,0.24553333333333335,88.95,0.16063333333333332,91.80666666666667
resnet18-EvidenceLoss-MNIST-uncertainty_label-balanced_by_score-0.95,0.33253333333333335,84.89999999999999,0.24349999999999997,87.23666666666668
resnet18-MNIST-uncertainty_total-balanced_by_score-0,0.0029999999999999996,95.63,0.06573333333333334,97.89999999999999
resnet18-MNIST-uncertainty_total-balanced_by_score-0.3,0.007933333333333334,94.80666666666667,0.08036666666666667,97.58333333333333
resnet18-MNIST-uncertainty_total-balanced_by_score-0.5,0.016266666666666665,94.06666666666666,0.09813333333333334,96.92
resnet18-MNIST-uncertainty_total-balanced_by_score-0.7,0.045500000000000006,92.44,0.1027,96.73
resnet18-MNIST-uncertainty_total-balanced_by_score-0.8,0.0847,90.60000000000001,0.19343333333333335,93.92333333333333
resnet18-MNIST-uncertainty_total-balanced_by_score-0.9,0.3445666666666667,87.51666666666667,0.30283333333333334,90.77
resnet18-MNIST-uncertainty_total-balanced_by_score-0.95,0.4713,81.98,0.7313666666666667,80.03333333333335
resnet18-EvidenceLoss-MNIST-uncertainty_total-balanced_by_score-0,0.0024,95.89333333333333,0.0617,97.02999999999999
resnet18-EvidenceLoss-MNIST-uncertainty_total-balanced_by_score-0.3,0.0058,95.07666666666667,0.05296666666666666,97.75333333333333
resnet18-EvidenceLoss-MNIST-uncertainty_total-balanced_by_score-0.5,0.010633333333333333,94.44333333333334,0.08166666666666667,96.05
resnet18-EvidenceLoss-MNIST-uncertainty_total-balanced_by_score-0.7,0.02576666666666667,93.30666666666667,0.09483333333333333,95.3
resnet18-EvidenceLoss-MNIST-uncertainty_total-balanced_by_score-0.8,0.053766666666666664,91.80333333333333,0.12863333333333332,93.34666666666668
resnet18-EvidenceLoss-MNIST-uncertainty_total-balanced_by_score-0.9,0.24893333333333334,88.56333333333333,0.18330000000000002,90.56666666666666
resnet18-EvidenceLoss-MNIST-uncertainty_total-balanced_by_score-0.95,0.33093333333333336,84.67666666666666,0.23076666666666668,88.06333333333333
